title ,url,type,
Eckersley O’Callaghan v2,,Website,2017-08-01
eocengineers.com,,,2017-08-01
handcraft.at,,,2016-06-01
communautic.com,,,2007-02-01
Eckersley O’Callaghan,https://www.eocengineers.com,Website,
Ridley Scott Associates v3,rsafilms.com,Website ,
Ridley Scott Associates,,iOS App,
Tiroler Landestheater v1,,,
Tiroler Landestheater v2,,,
Guitar 4u,,,
iBreathMusic,,,
Tendis,,,
TouchandSuch,,,
advicestation,,,
workladderonline,,,
OMT,,,
Child Passport,,,
Company Observer,,,
Physio Observer,,,
Therapy Observer,,,
handcraft.at,,,
jagdhof fleischhacker,,,
volksbühne Mild,,,
WJ Gregg,,,
rise,,,
millpond,,,
hallerblatt,,,
